Workbook

Sheet SABANA 1 SUMATORIA
A1: ESCUELA TÉCNICA AGROPECUARIA
A2: "HENRY PITTIER"
A3: EL SOCORRO - GUÁRICO.
A4: RESUMEN DE LA ACTUACIÓN DEL ESTUDUANTE DURANTE LOS TRES MOMENTOS
A5: CURSO: 1º AÑO DE EDUCACIÓN MEDIA TECNICA MENCION TECNOLOGIA DE LOS ALIMENTOS SECCION A
A6: PROFESOR ASESOR: | E6: MARIELSY CARMONA | AC6: AÑO ESCOLAR: 2025-2026
A8: N° | B8: C.I. | C8: APELLIDOS DEL ESTUDIANTE | D8: NOMBRES DEL ESTUDIANTE | E8: LENGUA Y LITERATURA | I8: MATEMATICA | M8: IDIOMAS | Q8: EDUCACION FISICA | U8: BIOLOGIA, AMBIENTE Y TECNOLOGIA | Y8: GEOGRAFIA, HISTORIA Y SOBERANIA NACIONAL | AC8: PROYECTO DE ECONOMIA SOCIOPRODUCTIVA Y TECNOLOGIA | AG8: PRODUCCION AGROINDUSTRIAL | AK8: ORIENTACION Y VINCULACION SOCIOLABORAL
E9: 1 | F9: 2 | G9: 3 | H9: Σ | I9: 1 | J9: 2 | K9: 3 | L9: Σ | M9: 1 | N9: 2 | O9: 3 | P9: Σ | Q9: 1 | R9: 2 | S9: 3 | T9: Σ | U9: 1 | V9: 2 | W9: 3 | X9: Σ | Y9: 1 | Z9: 2 | AA9: 3 | AB9: Σ | AC9: 1 | AD9: 2 | AE9: 3 | AF9: Σ | AG9: 1 | AH9: 2 | AI9: 3 | AJ9: Σ | AK9: 1 | AL9: 2 | AM9: 3 | AN9: Σ
A10: 1 | B10: 35070486 | C10: SANDOVAL GOMEZ | D10: DANNA SARAIT | E10: 19 | F10: 18 | H10: =E10+F10+G10 -> 37 | I10: 15 | J10: 15 | L10: =I10+J10+K10 -> 30 | M10: 19 | N10: 18 | P10: =M10+N10+O10 -> 37 | Q10: 20 | R10: 20 | T10: =Q10+R10+S10 -> 40 | U10: 19 | V10: 19 | X10: =U10+V10+W10 -> 38 | Y10: 18 | Z10: 18 | AB10: =Y10+Z10+AA10 -> 36 | AC10: 18 | AD10: 19 | AF10: =AC10+AD10+AE10 -> 37 | AG10: 19 | AH10: 19 | AJ10: =AG10+AH10+AI10 -> 38 | AK10: 17 | AL10: 19 | AN10: =AK10+AL10+AM10 -> 36
A11: 2 | B11: 35162363 | C11: HERNANDEZ BELIZARIO | D11: NATHALY ROSIMAR | E11: 18 | F11: 19 | H11: =E11+F11+G11 -> 37 | I11: 18 | J11: 19 | L11: =I11+J11+K11 -> 37 | M11: 19 | N11: 19 | P11: =M11+N11+O11 -> 38 | Q11: 20 | R11: 20 | T11: =Q11+R11+S11 -> 40 | U11: 19 | V11: 19 | X11: =U11+V11+W11 -> 38 | Y11: 19 | Z11: 19 | AB11: =Y11+Z11+AA11 -> 38 | AC11: 19 | AD11: 18 | AF11: =AC11+AD11+AE11 -> 37 | AG11: 18 | AH11: 19 | AJ11: =AG11+AH11+AI11 -> 37 | AK11: 17 | AL11: 19 | AN11: =AK11+AL11+AM11 -> 36
A12: 3 | B12: 35162480 | C12: CORREA SANOJA | D12: OSMARY ISABEL | E12: 18 | F12: 19 | H12: =E12+F12+G12 -> 37 | I12: 18 | J12: 20 | L12: =I12+J12+K12 -> 38 | M12: 18 | N12: 19 | P12: =M12+N12+O12 -> 37 | Q12: 20 | R12: 20 | T12: =Q12+R12+S12 -> 40 | U12: 20 | V12: 20 | X12: =U12+V12+W12 -> 40 | Y12: 19 | Z12: 19 | AB12: =Y12+Z12+AA12 -> 38 | AC12: 19 | AD12: 19 | AF12: =AC12+AD12+AE12 -> 38 | AG12: 18 | AH12: 19 | AJ12: =AG12+AH12+AI12 -> 37 | AK12: 18 | AL12: 20 | AN12: =AK12+AL12+AM12 -> 38
A13: 4 | B13: 35162748 | C13: MACHUCA MACHADO | D13: LEONEXY YISEL | E13: 11 | F13: 18 | H13: =E13+F13+G13 -> 29 | I13: 11 | J13: 16 | L13: =I13+J13+K13 -> 27 | M13: 17 | N13: 18 | P13: =M13+N13+O13 -> 35 | Q13: 17 | R13: 18 | T13: =Q13+R13+S13 -> 35 | U13: 17 | V13: 16 | X13: =U13+V13+W13 -> 33 | Y13: 18 | Z13: 17 | AB13: =Y13+Z13+AA13 -> 35 | AC13: 16 | AD13: 17 | AF13: =AC13+AD13+AE13 -> 33 | AG13: 17 | AH13: 15 | AJ13: =AG13+AH13+AI13 -> 32 | AK13: 16 | AL13: 18 | AN13: =AK13+AL13+AM13 -> 34
A14: 5 | B14: 35864429 | C14: ROJAS ROJAS | D14: LUIS GABRIEL | E14: 15 | F14: 18 | H14: =E14+F14+G14 -> 33 | I14: 14 | J14: 17 | L14: =I14+J14+K14 -> 31 | M14: 16 | N14: 15 | P14: =M14+N14+O14 -> 31 | Q14: 20 | R14: 20 | T14: =Q14+R14+S14 -> 40 | U14: 19 | V14: 17 | X14: =U14+V14+W14 -> 36 | Y14: 18 | Z14: 16 | AB14: =Y14+Z14+AA14 -> 34 | AC14: 15 | AD14: 15 | AF14: =AC14+AD14+AE14 -> 30 | AG14: 16 | AH14: 15 | AJ14: =AG14+AH14+AI14 -> 31 | AK14: 17 | AL14: 18 | AN14: =AK14+AL14+AM14 -> 35
A15: 6 | B15: 36076732 | C15: PARUCHO CAMPOS | D15: ADRIAN ALBERTO | E15: 19 | F15: 20 | H15: =E15+F15+G15 -> 39 | I15: 18 | J15: 20 | L15: =I15+J15+K15 -> 38 | M15: 20 | N15: 20 | P15: =M15+N15+O15 -> 40 | Q15: 20 | R15: 20 | T15: =Q15+R15+S15 -> 40 | U15: 20 | V15: 20 | X15: =U15+V15+W15 -> 40 | Y15: 19 | Z15: 20 | AB15: =Y15+Z15+AA15 -> 39 | AC15: 19 | AD15: 19 | AF15: =AC15+AD15+AE15 -> 38 | AG15: 20 | AH15: 20 | AJ15: =AG15+AH15+AI15 -> 40 | AK15: 20 | AL15: 20 | AN15: =AK15+AL15+AM15 -> 40
A16: 7 | B16: 36361850 | C16: CONTRERAS SILVA | D16: NEGLISMAR ANDREINA | E16: 18 | F16: 18 | H16: =E16+F16+G16 -> 36 | I16: 14 | J16: 15 | L16: =I16+J16+K16 -> 29 | M16: 17 | N16: 17 | P16: =M16+N16+O16 -> 34 | Q16: 18 | R16: 20 | T16: =Q16+R16+S16 -> 38 | U16: 19 | V16: 18 | X16: =U16+V16+W16 -> 37 | Y16: 19 | Z16: 17 | AB16: =Y16+Z16+AA16 -> 36 | AC16: 15 | AD16: 15 | AF16: =AC16+AD16+AE16 -> 30 | AG16: 17 | AH16: 17 | AJ16: =AG16+AH16+AI16 -> 34 | AK16: 15 | AL16: 19 | AN16: =AK16+AL16+AM16 -> 34
A17: 8 | B17: 36441933 | C17: CASTRO GRANADO | D17: AURORA ESTEFANIA | E17: 19 | F17: 19 | H17: =E17+F17+G17 -> 38 | I17: 15 | J17: 18 | L17: =I17+J17+K17 -> 33 | M17: 19 | N17: 19 | P17: =M17+N17+O17 -> 38 | Q17: 19 | R17: 19 | T17: =Q17+R17+S17 -> 38 | U17: 19 | V17: 19 | X17: =U17+V17+W17 -> 38 | Y17: 19 | Z17: 18 | AB17: =Y17+Z17+AA17 -> 37 | AC17: 19 | AD17: 19 | AF17: =AC17+AD17+AE17 -> 38 | AG17: 18 | AH17: 19 | AJ17: =AG17+AH17+AI17 -> 37 | AK17: 17 | AL17: 19 | AN17: =AK17+AL17+AM17 -> 36
A18: 9 | B18: 36539352 | C18: TREJO YLARRAZA | D18: MILAGROS CARIDAD | E18: 18 | F18: 20 | H18: =E18+F18+G18 -> 38 | I18: 16 | J18: 19 | L18: =I18+J18+K18 -> 35 | M18: 19 | N18: 20 | P18: =M18+N18+O18 -> 39 | Q18: 20 | R18: 20 | T18: =Q18+R18+S18 -> 40 | U18: 19 | V18: 18 | X18: =U18+V18+W18 -> 37 | Y18: 19 | Z18: 19 | AB18: =Y18+Z18+AA18 -> 38 | AC18: 18 | AD18: 18 | AF18: =AC18+AD18+AE18 -> 36 | AG18: 18 | AH18: 19 | AJ18: =AG18+AH18+AI18 -> 37 | AK18: 18 | AL18: 19 | AN18: =AK18+AL18+AM18 -> 37
A19: 10 | B19: 36562841 | C19: SILVA CHIREL | D19: SIRMARY MILAGRO | E19: 18 | F19: 18 | H19: =E19+F19+G19 -> 36 | I19: 14 | J19: 18 | L19: =I19+J19+K19 -> 32 | M19: 18 | N19: 19 | P19: =M19+N19+O19 -> 37 | Q19: 20 | R19: 18 | T19: =Q19+R19+S19 -> 38 | U19: 19 | V19: 19 | X19: =U19+V19+W19 -> 38 | Y19: 17 | Z19: 18 | AB19: =Y19+Z19+AA19 -> 35 | AC19: 18 | AD19: 18 | AF19: =AC19+AD19+AE19 -> 36 | AG19: 18 | AH19: 18 | AJ19: =AG19+AH19+AI19 -> 36 | AK19: 16 | AL19: 19 | AN19: =AK19+AL19+AM19 -> 35
A20: 11 | B20: 37076032 | C20: GARCIA GONZALEZ | D20: MARIA GABRIELA | E20: 18 | F20: 18 | H20: =E20+F20+G20 -> 36 | I20: 15 | J20: 18 | L20: =I20+J20+K20 -> 33 | M20: 18 | N20: 17 | P20: =M20+N20+O20 -> 35 | Q20: 20 | R20: 18 | T20: =Q20+R20+S20 -> 38 | U20: 19 | V20: 19 | X20: =U20+V20+W20 -> 38 | Y20: 18 | Z20: 18 | AB20: =Y20+Z20+AA20 -> 36 | AC20: 19 | AD20: 17 | AF20: =AC20+AD20+AE20 -> 36 | AG20: 18 | AH20: 18 | AJ20: =AG20+AH20+AI20 -> 36 | AK20: 16 | AL20: 19 | AN20: =AK20+AL20+AM20 -> 35
A21: 12 | B21: 37121585 | C21: NARVAEZ MORALES | D21: JHOANA CAROLINA | E21: 18 | F21: 14 | H21: =E21+F21+G21 -> 32 | I21: 14 | J21: 18 | L21: =I21+J21+K21 -> 32 | M21: 17 | N21: 15 | P21: =M21+N21+O21 -> 32 | Q21: 19 | R21: 20 | T21: =Q21+R21+S21 -> 39 | U21: 19 | V21: 15 | X21: =U21+V21+W21 -> 34 | Y21: 18 | Z21: 15 | AB21: =Y21+Z21+AA21 -> 33 | AC21: 19 | AD21: 16 | AF21: =AC21+AD21+AE21 -> 35 | AG21: 18 | AH21: 14 | AJ21: =AG21+AH21+AI21 -> 32 | AK21: 15 | AL21: 10 | AN21: =AK21+AL21+AM21 -> 25
... A23: 14 | B23: 37155872 | C23: DIAZ MEDINA | D23: ADRIANA PATRICIA | E23: 18 | F23: 19 | H23: =E23+F23+G23 -> 37 | I23: 16 | J23: 19 | L23: =I23+J23+K23 -> 35 | M23: 17 | N23: 19 | P23: =M23+N23+O23 -> 36 | Q23: 20 | R23: 19 | T23: =Q23+R23+S23 -> 39 | U23: 19 | V23: 19 | X23: =U23+V23+W23 -> 38 | Y23: 19 | Z23: 18 | AB23: =Y23+Z23+AA23 -> 37 | AC23: 19 | AD23: 18 | AF23: =AC23+AD23+AE23 -> 37 | AG23: 18 | AH23: 17 | AJ23: =AG23+AH23+AI23 -> 35 | AK23: 16 | AL23: 19 | AN23: =AK23+AL23+AM23 -> 35
A24: 15 | B24: CE 11218854326 | C24: VILLAHERMOSA ROJAS | D24: EVA ARANTXA | E24: 19 | F24: 19 | H24: =E24+F24+G24 -> 38 | I24: 19 | J24: 20 | L24: =I24+J24+K24 -> 39 | M24: 19 | N24: 19 | P24: =M24+N24+O24 -> 38 | Q24: 19 | R24: 20 | T24: =Q24+R24+S24 -> 39 | U24: 19 | V24: 19 | X24: =U24+V24+W24 -> 38 | Y24: 19 | Z24: 19 | AB24: =Y24+Z24+AA24 -> 38 | AC24: 19 | AD24: 19 | AF24: =AC24+AD24+AE24 -> 38 | AG24: 19 | AH24: 19 | AJ24: =AG24+AH24+AI24 -> 38 | AK24: 19 | AL24: 20 | AN24: =AK24+AL24+AM24 -> 39
A25: 16 | B25: CE 11321374820 | C25: FIGUEROA OROPEZA | D25: STEPHANY CAROLINA | E25: 19 | F25: 19 | H25: =E25+F25+G25 -> 38 | I25: 19 | J25: 19 | L25: =I25+J25+K25 -> 38 | M25: 19 | N25: 19 | P25: =M25+N25+O25 -> 38 | Q25: 20 | R25: 20 | T25: =Q25+R25+S25 -> 40 | U25: 19 | V25: 19 | X25: =U25+V25+W25 -> 38 | Y25: 19 | Z25: 19 | AB25: =Y25+Z25+AA25 -> 38 | AC25: 19 | AD25: 19 | AF25: =AC25+AD25+AE25 -> 38 | AG25: 19 | AH25: 20 | AJ25: =AG25+AH25+AI25 -> 39 | AK25: 18 | AL25: 20 | AN25: =AK25+AL25+AM25 -> 38
A26: 17 | B26: CE 11324791049 | C26: MILANO INFANTE | D26: GEYNI JHOSLEN | E26: 13 | F26: 13 | H26: =E26+F26+G26 -> 26 | I26: 7 | J26: 15 | L26: =I26+J26+K26 -> 22 | M26: 15 | N26: 16 | P26: =M26+N26+O26 -> 31 | Q26: 17 | R26: 19 | T26: =Q26+R26+S26 -> 36 | U26: 14 | V26: 15 | X26: =U26+V26+W26 -> 29 | Y26: 17 | Z26: 15 | AB26: =Y26+Z26+AA26 -> 32 | AC26: 15 | AD26: 14 | AF26: =AC26+AD26+AE26 -> 29 | AG26: 13 | AH26: 13 | AJ26: =AG26+AH26+AI26 -> 26 | AK26: 12 | AL26: 18 | AN26: =AK26+AL26+AM26 -> 30
A27: 18 | B27: CE 11327541273 | C27: CORREA DIAZ | D27: CARLOS DANIEL | E27: 16 | F27: 19 | H27: =E27+F27+G27 -> 35 | I27: 17 | J27: 18 | L27: =I27+J27+K27 -> 35 | M27: 17 | N27: 18 | P27: =M27+N27+O27 -> 35 | Q27: 20 | R27: 20 | T27: =Q27+R27+S27 -> 40 | U27: 18 | V27: 18 | X27: =U27+V27+W27 -> 36 | Y27: 17 | Z27: 18 | AB27: =Y27+Z27+AA27 -> 35 | AC27: 18 | AD27: 17 | AF27: =AC27+AD27+AE27 -> 35 | AG27: 19 | AH27: 18 | AJ27: =AG27+AH27+AI27 -> 37 | AK27: 17 | AL27: 17 | AN27: =AK27+AL27+AM27 -> 34
A28: 19 | B28: CE 11417000945 | C28: PEREIRA CASTRO | D28: SABRINA AURIBEL | E28: 12 | F28: 17 | H28: =E28+F28+G28 -> 29 | I28: 7 | J28: 15 | L28: =I28+J28+K28 -> 22 | M28: 15 | N28: 15 | P28: =M28+N28+O28 -> 30 | Q28: 18 | R28: 18 | T28: =Q28+R28+S28 -> 36 | U28: 14 | V28: 15 | X28: =U28+V28+W28 -> 29 | Y28: 18 | Z28: 15 | AB28: =Y28+Z28+AA28 -> 33 | AC28: 14 | AD28: 12 | AF28: =AC28+AD28+AE28 -> 26 | AG28: 12 | AH28: 13 | AJ28: =AG28+AH28+AI28 -> 25 | AK28: 12 | AL28: 18 | AN28: =AK28+AL28+AM28 -> 30
A29: 20 | B29: V 37.239.725 | C29: CORREA REQUENA | D29: MARIA DE JESUS | E29: 12 | F29: 19 | H29: =E29+F29+G29 -> 31 | I29: 13 | J29: 20 | L29: =I29+J29+K29 -> 33 | M29: 17 | N29: 18 | P29: =M29+N29+O29 -> 35 | Q29: 17 | R29: 20 | T29: =Q29+R29+S29 -> 37 | U29: 18 | V29: 20 | X29: =U29+V29+W29 -> 38 | Y29: 18 | Z29: 19 | AB29: =Y29+Z29+AA29 -> 37 | AC29: 18 | AD29: 18 | AF29: =AC29+AD29+AE29 -> 36 | AG29: 18 | AH29: 18 | AJ29: =AG29+AH29+AI29 -> 36 | AK29: 18 | AL29: 19 | AN29: =AK29+AL29+AM29 -> 37
A30: 21 | B30: CE 11327044492 | C30: MALDONADO URRETA | D30: MIGUEL | E30: 16 | F30: 14 | H30: =E30+F30+G30 -> 30 | I30: 16 | J30: 13 | L30: =I30+J30+K30 -> 29 | M30: 16 | N30: 15 | P30: =M30+N30+O30 -> 31 | Q30: 16 | R30: 17 | T30: =Q30+R30+S30 -> 33 | U30: 16 | V30: 18 | X30: =U30+V30+W30 -> 34 | Y30: 16 | Z30: 15 | AB30: =Y30+Z30+AA30 -> 31 | AC30: 16 | AD30: 13 | AF30: =AC30+AD30+AE30 -> 29 | AG30: 16 | AH30: 18 | AJ30: =AG30+AH30+AI30 -> 34 | AK30: 16 | AL30: 19 | AN30: =AK30+AL30+AM30 -> 35
H31: =E31+F31+G31 -> 0 | L31: =I31+J31+K31 -> 0 | P31: =M31+N31+O31 -> 0 | T31: =Q31+R31+S31 -> 0 | X31: =U31+V31+W31 -> 0 | AB31: =Y31+Z31+AA31 -> 0 | AF31: =AC31+AD31+AE31 -> 0 | AJ31: =AG31+AH31+AI31 -> 0 | AN31: =AK31+AL31+AM31 -> 0
H32: =E32+F32+G32 -> 0 | L32: =I32+J32+K32 -> 0 | P32: =M32+N32+O32 -> 0 | T32: =Q32+R32+S32 -> 0 | X32: =U32+V32+W32 -> 0 | AB32: =Y32+Z32+AA32 -> 0 | AF32: =AC32+AD32+AE32 -> 0 | AJ32: =AG32+AH32+AI32 -> 0 | AN32: =AK32+AL32+AM32 -> 0
B33: Msc CARMEN CABEZA | G33: LCDA. FLORAIMA CARPIO | V33: MARIELSY CARMONA | AN33: FECHA Y HORA DE IMPRESIÓN:
A34: DEPARTAMENTO DE EVALUACIÓN | G34: DEPARTAMENTO DE CONTROL DE ESTUDIOS | W34: PROFESOR ASESOR | AI34: =NOW() -> 46188.398

Sheet SABANA 2 DEFINITIVA
A1: ESCUELA TÉCNICA AGROPECUARIA
A2: "HENRY PITTIER"
A3: EL SOCORRO - GUÁRICO.
A4: ='SABANA 1 SUMATORIA'!A4:AN4 -> RESUMEN DE LA ACTUACIÓN DEL ESTUDUANTE DURANTE LOS TRES MOMENTOS
A5: ='SABANA 1 SUMATORIA'!A5 -> CURSO: 1º AÑO DE EDUCACIÓN MEDIA TECNICA MENCION TECNOLOGIA DE LOS ALIMENTOS SECCION A
A6: PROFESOR ASESOR: | E6: ='SABANA 1 SUMATORIA'!E6:AA6 -> MARIELSY CARMONA | AC6: ='SABANA 1 SUMATORIA'!AC6 -> AÑO ESCOLAR: 2025-2026
A8: N° | B8: C.I. | C8: APELLIDOS DEL ESTUDIANTE | D8: NOMBRES DEL ESTUDIANTE | E8: ='SABANA 1 SUMATORIA'!E8:H8 -> LENGUA Y LITERATURA | I8: ='SABANA 1 SUMATORIA'!I8:L8 -> MATEMATICA | M8: ='SABANA 1 SUMATORIA'!M8:P8 -> IDIOMAS | Q8: ='SABANA 1 SUMATORIA'!Q8:T8 -> EDUCACION FISICA | U8: ='SABANA 1 SUMATORIA'!U8:X8 -> BIOLOGIA, AMBIENTE Y TECNOLOGIA | Y8: ='SABANA 1 SUMATORIA'!Y8:AB8 -> GEOGRAFIA, HISTORIA Y SOBERANIA NACIONAL | AC8: ='SABANA 1 SUMATORIA'!AC8:AF8 -> PROYECTO DE ECONOMIA SOCIOPRODUCTIVA Y TECNOLOGIA | AG8: ='SABANA 1 SUMATORIA'!AG8:AJ8 -> PRODUCCION AGROINDUSTRIAL | AK8: ='SABANA 1 SUMATORIA'!AK8:AN8 -> ORIENTACION Y VINCULACION SOCIOLABORAL | AO8: PROMEDIO
E9: 1 | F9: 2 | G9: 3 | H9: D | I9: 1 | J9: 2 | K9: 3 | L9: D | M9: 1 | N9: 2 | O9: 3 | P9: D | Q9: 1 | R9: 2 | S9: 3 | T9: D | U9: 1 | V9: 2 | W9: 3 | X9: D | Y9: 1 | Z9: 2 | AA9: 3 | AB9: D | AC9: 1 | AD9: 2 | AE9: 3 | AF9: D | AG9: 1 | AH9: 2 | AI9: 3 | AJ9: D | AK9: 1 | AL9: 2 | AM9: 3 | AN9: D | AO9: P
A10: 1 | B10: ='SABANA 1 SUMATORIA'!B10 -> 35070486 | C10: ='SABANA 1 SUMATORIA'!C10 -> SANDOVAL GOMEZ | D10: ='SABANA 1 SUMATORIA'!D10 -> DANNA SARAIT | E10: ='SABANA 1 SUMATORIA'!E10 -> 19 | F10: ='SABANA 1 SUMATORIA'!F10 -> 18 | G10: ='SABANA 1 SUMATORIA'!G10 -> 0 | H10: =ROUND(AVERAGE(E10:G10), 5) -> 12.33333 | I10: ='SABANA 1 SUMATORIA'!I10 -> 15 | J10: ='SABANA 1 SUMATORIA'!J10 -> 15 | K10: ='SABANA 1 SUMATORIA'!K10 -> 0 | L10: =ROUND(AVERAGE(I10:K10), 5) -> 10 | M10: ='SABANA 1 SUMATORIA'!M10 -> 19 | N10: ='SABANA 1 SUMATORIA'!N10 -> 18 | O10: ='SABANA 1 SUMATORIA'!O10 -> 0 | P10: =ROUND(AVERAGE(M10:O10), 5) -> 12.33333 | Q10: ='SABANA 1 SUMATORIA'!Q10 -> 20 | R10: ='SABANA 1 SUMATORIA'!R10 -> 20 | S10: ='SABANA 1 SUMATORIA'!S10 -> 0 | T10: =ROUND(AVERAGE(Q10:S10), 5) -> 13.33333 | U10: ='SABANA 1 SUMATORIA'!U10 -> 19 | V10: ='SABANA 1 SUMATORIA'!V10 -> 19 | W10: ='SABANA 1 SUMATORIA'!W10 -> 0 | X10: =ROUND(AVERAGE(U10:W10), 5) -> 12.66667 | Y10: ='SABANA 1 SUMATORIA'!Y10 -> 18 | Z10: ='SABANA 1 SUMATORIA'!Z10 -> 18 | AA10: ='SABANA 1 SUMATORIA'!AA10 -> 0 | AB10: =ROUND(AVERAGE(Y10:AA10), 5) -> 12 | AC10: ='SABANA 1 SUMATORIA'!AC10 -> 18 | AD10: ='SABANA 1 SUMATORIA'!AD10 -> 19 | AE10: ='SABANA 1 SUMATORIA'!AE10 -> 0 | AF10: =ROUND(AVERAGE(AC10:AE10), 5) -> 12.33333 | AG10: ='SABANA 1 SUMATORIA'!AG10 -> 19 | AH10: ='SABANA 1 SUMATORIA'!AH10 -> 19 | AI10: ='SABANA 1 SUMATORIA'!AI10 -> 0 | AJ10: =ROUND(AVERAGE(AG10:AI10), 5) -> 12.66667 | AK10: ='SABANA 1 SUMATORIA'!AK10 -> 17 | AL10: ='SABANA 1 SUMATORIA'!AL10 -> 19 | AM10: ='SABANA 1 SUMATORIA'!AM10 -> 0 | AN10: =ROUND(AVERAGE(AK10:AM10), 5) -> 12 | AO10: =AVERAGE(H10,L10,P10,T10,X10,AB10,AF10,AJ10,AN10) -> 12.185184
A11: =A10+1 -> 2 | B11: ='SABANA 1 SUMATORIA'!B11 -> 35162363 | C11: ='SABANA 1 SUMATORIA'!C11 -> HERNANDEZ BELIZARIO | D11: ='SABANA 1 SUMATORIA'!D11 -> NATHALY ROSIMAR | E11: ='SABANA 1 SUMATORIA'!E11 -> 18 | F11: ='SABANA 1 SUMATORIA'!F11 -> 19 | G11: ='SABANA 1 SUMATORIA'!G11 -> 0 | H11: =ROUND(AVERAGE(E11:G11), 5) -> 12.33333 | I11: ='SABANA 1 SUMATORIA'!I11 -> 18 | J11: ='SABANA 1 SUMATORIA'!J11 -> 19 | K11: ='SABANA 1 SUMATORIA'!K11 -> 0 | L11: =ROUND(AVERAGE(I11:K11), 5) -> 12.33333 | M11: ='SABANA 1 SUMATORIA'!M11 -> 19 | N11: ='SABANA 1 SUMATORIA'!N11 -> 19 | O11: ='SABANA 1 SUMATORIA'!O11 -> 0 | P11: =ROUND(AVERAGE(M11:O11), 5) -> 12.66667 | Q11: ='SABANA 1 SUMATORIA'!Q11 -> 20 | R11: ='SABANA 1 SUMATORIA'!R11 -> 20 | S11: ='SABANA 1 SUMATORIA'!S11 -> 0 | T11: =ROUND(AVERAGE(Q11:S11), 5) -> 13.33333 | U11: ='SABANA 1 SUMATORIA'!U11 -> 19 | V11: ='SABANA 1 SUMATORIA'!V11 -> 19 | W11: ='SABANA 1 SUMATORIA'!W11 -> 0 | X11: =ROUND(AVERAGE(U11:W11), 5) -> 12.66667 | Y11: ='SABANA 1 SUMATORIA'!Y11 -> 19 | Z11: ='SABANA 1 SUMATORIA'!Z11 -> 19 | AA11: ='SABANA 1 SUMATORIA'!AA11 -> 0 | AB11: =ROUND(AVERAGE(Y11:AA11), 5) -> 12.66667 | AC11: ='SABANA 1 SUMATORIA'!AC11 -> 19 | AD11: ='SABANA 1 SUMATORIA'!AD11 -> 18 | AE11: ='SABANA 1 SUMATORIA'!AE11 -> 0 | AF11: =ROUND(AVERAGE(AC11:AE11), 5) -> 12.33333 | AG11: ='SABANA 1 SUMATORIA'!AG11 -> 18 | AH11: ='SABANA 1 SUMATORIA'!AH11 -> 19 | AI11: ='SABANA 1 SUMATORIA'!AI11 -> 0 | AJ11: =ROUND(AVERAGE(AG11:AI11), 5) -> 12.33333 | AK11: ='SABANA 1 SUMATORIA'!AK11 -> 17 | AL11: ='SABANA 1 SUMATORIA'!AL11 -> 19 | AM11: ='SABANA 1 SUMATORIA'!AM11 -> 0 | AN11: =ROUND(AVERAGE(AK11:AM11), 5) -> 12 | AO11: =AVERAGE(H11,L11,P11,T11,X11,AB11,AF11,AJ11,AN11) -> 12.518518
A12: =A11+1 -> 3 | B12: ='SABANA 1 SUMATORIA'!B12 -> 35162480 | C12: ='SABANA 1 SUMATORIA'!C12 -> CORREA SANOJA | D12: ='SABANA 1 SUMATORIA'!D12 -> OSMARY ISABEL | E12: ='SABANA 1 SUMATORIA'!E12 -> 18 | F12: ='SABANA 1 SUMATORIA'!F12 -> 19 | G12: ='SABANA 1 SUMATORIA'!G12 -> 0 | H12: =ROUND(AVERAGE(E12:G12), 5) -> 12.33333 | I12: ='SABANA 1 SUMATORIA'!I12 -> 18 | J12: ='SABANA 1 SUMATORIA'!J12 -> 20 | K12: ='SABANA 1 SUMATORIA'!K12 -> 0 | L12: =ROUND(AVERAGE(I12:K12), 5) -> 12.66667 | M12: ='SABANA 1 SUMATORIA'!M12 -> 18 | N12: ='SABANA 1 SUMATORIA'!N12 -> 19 | O12: ='SABANA 1 SUMATORIA'!O12 -> 0 | P12: =ROUND(AVERAGE(M12:O12), 5) -> 12.33333 | Q12: ='SABANA 1 SUMATORIA'!Q12 -> 20 | R12: ='SABANA 1 SUMATORIA'!R12 -> 20 | S12: ='SABANA 1 SUMATORIA'!S12 -> 0 | T12: =ROUND(AVERAGE(Q12:S12), 5) -> 13.33333 | U12: ='SABANA 1 SUMATORIA'!U12 -> 20 | V12: ='SABANA 1 SUMATORIA'!V12 -> 20 | W12: ='SABANA 1 SUMATORIA'!W12 -> 0 | X12: =ROUND(AVERAGE(U12:W12), 5) -> 13.33333 | Y12: ='SABANA 1 SUMATORIA'!Y12 -> 19 | Z12: ='SABANA 1 SUMATORIA'!Z12 -> 19 | AA12: ='SABANA 1 SUMATORIA'!AA12 -> 0 | AB12: =ROUND(AVERAGE(Y12:AA12), 5) -> 12.66667 | AC12: ='SABANA 1 SUMATORIA'!AC12 -> 19 | AD12: ='SABANA 1 SUMATORIA'!AD12 -> 19 | AE12: ='SABANA 1 SUMATORIA'!AE12 -> 0 | AF12: =ROUND(AVERAGE(AC12:AE12), 5) -> 12.66667 | AG12: ='SABANA 1 SUMATORIA'!AG12 -> 18 | AH12: ='SABANA 1 SUMATORIA'!AH12 -> 19 | AI12: ='SABANA 1 SUMATORIA'!AI12 -> 0 | AJ12: =ROUND(AVERAGE(AG12:AI12), 5) -> 12.33333 | AK12: ='SABANA 1 SUMATORIA'!AK12 -> 18 | AL12: ='SABANA 1 SUMATORIA'!AL12 -> 20 | AM12: ='SABANA 1 SUMATORIA'!AM12 -> 0 | AN12: =ROUND(AVERAGE(AK12:AM12), 5) -> 12.66667 | AO12: =AVERAGE(H12,L12,P12,T12,X12,AB12,AF12,AJ12,AN12) -> 12.703703
A13: =A12+1 -> 4 | B13: ='SABANA 1 SUMATORIA'!B13 -> 35162748 | C13: ='SABANA 1 SUMATORIA'!C13 -> MACHUCA MACHADO | D13: ='SABANA 1 SUMATORIA'!D13 -> LEONEXY YISEL | E13: ='SABANA 1 SUMATORIA'!E13 -> 11 | F13: ='SABANA 1 SUMATORIA'!F13 -> 18 | G13: ='SABANA 1 SUMATORIA'!G13 -> 0 | H13: =ROUND(AVERAGE(E13:G13), 5) -> 9.66667 | I13: ='SABANA 1 SUMATORIA'!I13 -> 11 | J13: ='SABANA 1 SUMATORIA'!J13 -> 16 | K13: ='SABANA 1 SUMATORIA'!K13 -> 0 | L13: =ROUND(AVERAGE(I13:K13), 5) -> 9 | M13: ='SABANA 1 SUMATORIA'!M13 -> 17 | N13: ='SABANA 1 SUMATORIA'!N13 -> 18 | O13: ='SABANA 1 SUMATORIA'!O13 -> 0 | P13: =ROUND(AVERAGE(M13:O13), 5) -> 11.66667 | Q13: ='SABANA 1 SUMATORIA'!Q13 -> 17 | R13: ='SABANA 1 SUMATORIA'!R13 -> 18 | S13: ='SABANA 1 SUMATORIA'!S13 -> 0 | T13: =ROUND(AVERAGE(Q13:S13), 5) -> 11.66667 | U13: ='SABANA 1 SUMATORIA'!U13 -> 17 | V13: ='SABANA 1 SUMATORIA'!V13 -> 16 | W13: ='SABANA 1 SUMATORIA'!W13 -> 0 | X13: =ROUND(AVERAGE(U13:W13), 5) -> 11 | Y13: ='SABANA 1 SUMATORIA'!Y13 -> 18 | Z13: ='SABANA 1 SUMATORIA'!Z13 -> 17 | AA13: ='SABANA 1 SUMATORIA'!AA13 -> 0 | AB13: =ROUND(AVERAGE(Y13:AA13), 5) -> 11.66667 | AC13: ='SABANA 1 SUMATORIA'!AC13 -> 16 | AD13: ='SABANA 1 SUMATORIA'!AD13 -> 17 | AE13: ='SABANA 1 SUMATORIA'!AE13 -> 0 | AF13: =ROUND(AVERAGE(AC13:AE13), 5) -> 11 | AG13: ='SABANA 1 SUMATORIA'!AG13 -> 17 | AH13: ='SABANA 1 SUMATORIA'!AH13 -> 15 | AI13: ='SABANA 1 SUMATORIA'!AI13 -> 0 | AJ13: =ROUND(AVERAGE(AG13:AI13), 5) -> 10.66667 | AK13: ='SABANA 1 SUMATORIA'!AK13 -> 16 | AL13: ='SABANA 1 SUMATORIA'!AL13 -> 18 | AM13: ='SABANA 1 SUMATORIA'!AM13 -> 0 | AN13: =ROUND(AVERAGE(AK13:AM13), 5) -> 11.33333 | AO13: =AVERAGE(H13,L13,P13,T13,X13,AB13,AF13,AJ13,AN13) -> 10.851853
A14: =A13+1 -> 5 | B14: ='SABANA 1 SUMATORIA'!B14 -> 35864429 | C14: ='SABANA 1 SUMATORIA'!C14 -> ROJAS ROJAS | D14: ='SABANA 1 SUMATORIA'!D14 -> LUIS GABRIEL | E14: ='SABANA 1 SUMATORIA'!E14 -> 15 | F14: ='SABANA 1 SUMATORIA'!F14 -> 18 | G14: ='SABANA 1 SUMATORIA'!G14 -> 0 | H14: =ROUND(AVERAGE(E14:G14), 5) -> 11 | I14: ='SABANA 1 SUMATORIA'!I14 -> 14 | J14: ='SABANA 1 SUMATORIA'!J14 -> 17 | K14: ='SABANA 1 SUMATORIA'!K14 -> 0 | L14: =ROUND(AVERAGE(I14:K14), 5) -> 10.33333 | M14: ='SABANA 1 SUMATORIA'!M14 -> 16 | N14: ='SABANA 1 SUMATORIA'!N14 -> 15 | O14: ='SABANA 1 SUMATORIA'!O14 -> 0 | P14: =ROUND(AVERAGE(M14:O14), 5) -> 10.33333 | Q14: ='SABANA 1 SUMATORIA'!Q14 -> 20 | R14: ='SABANA 1 SUMATORIA'!R14 -> 20 | S14: ='SABANA 1 SUMATORIA'!S14 -> 0 | T14: =ROUND(AVERAGE(Q14:S14), 5) -> 13.33333 | U14: ='SABANA 1 SUMATORIA'!U14 -> 19 | V14: ='SABANA 1 SUMATORIA'!V14 -> 17 | W14: ='SABANA 1 SUMATORIA'!W14 -> 0 | X14: =ROUND(AVERAGE(U14:W14), 5) -> 12 | Y14: ='SABANA 1 SUMATORIA'!Y14 -> 18 | Z14: ='SABANA 1 SUMATORIA'!Z14 -> 16 | AA14: ='SABANA 1 SUMATORIA'!AA14 -> 0 | AB14: =ROUND(AVERAGE(Y14:AA14), 5) -> 11.33333 | AC14: ='SABANA 1 SUMATORIA'!AC14 -> 15 | AD14: ='SABANA 1 SUMATORIA'!AD14 -> 15 | AE14: ='SABANA 1 SUMATORIA'!AE14 -> 0 | AF14: =ROUND(AVERAGE(AC14:AE14), 5) -> 10 | AG14: ='SABANA 1 SUMATORIA'!AG14 -> 16 | AH14: ='SABANA 1 SUMATORIA'!AH14 -> 15 | AI14: ='SABANA 1 SUMATORIA'!AI14 -> 0 | AJ14: =ROUND(AVERAGE(AG14:AI14), 5) -> 10.33333 | AK14: ='SABANA 1 SUMATORIA'!AK14 -> 17 | AL14: ='SABANA 1 SUMATORIA'!AL14 -> 18 | AM14: ='SABANA 1 SUMATORIA'!AM14 -> 0 | AN14: =ROUND(AVERAGE(AK14:AM14), 5) -> 11.66667 | AO14: =AVERAGE(H14,L14,P14,T14,X14,AB14,AF14,AJ14,AN14) -> 11.148147
A15: =A14+1 -> 6 | B15: ='SABANA 1 SUMATORIA'!B15 -> 36076732 | C15: ='SABANA 1 SUMATORIA'!C15 -> PARUCHO CAMPOS | D15: ='SABANA 1 SUMATORIA'!D15 -> ADRIAN ALBERTO | E15: ='SABANA 1 SUMATORIA'!E15 -> 19 | F15: ='SABANA 1 SUMATORIA'!F15 -> 20 | G15: ='SABANA 1 SUMATORIA'!G15 -> 0 | H15: =ROUND(AVERAGE(E15:G15), 5) -> 13 | I15: ='SABANA 1 SUMATORIA'!I15 -> 18 | J15: ='SABANA 1 SUMATORIA'!J15 -> 20 | K15: ='SABANA 1 SUMATORIA'!K15 -> 0 | L15: =ROUND(AVERAGE(I15:K15), 5) -> 12.66667 | M15: ='SABANA 1 SUMATORIA'!M15 -> 20 | N15: ='SABANA 1 SUMATORIA'!N15 -> 20 | O15: ='SABANA 1 SUMATORIA'!O15 -> 0 | P15: =ROUND(AVERAGE(M15:O15), 5) -> 13.33333 | Q15: ='SABANA 1 SUMATORIA'!Q15 -> 20 | R15: ='SABANA 1 SUMATORIA'!R15 -> 20 | S15: ='SABANA 1 SUMATORIA'!S15 -> 0 | T15: =ROUND(AVERAGE(Q15:S15), 5) -> 13.33333 | U15: ='SABANA 1 SUMATORIA'!U15 -> 20 | V15: ='SABANA 1 SUMATORIA'!V15 -> 20 | W15: ='SABANA 1 SUMATORIA'!W15 -> 0 | X15: =ROUND(AVERAGE(U15:W15), 5) -> 13.33333 | Y15: ='SABANA 1 SUMATORIA'!Y15 -> 19 | Z15: ='SABANA 1 SUMATORIA'!Z15 -> 20 | AA15: ='SABANA 1 SUMATORIA'!AA15 -> 0 | AB15: =ROUND(AVERAGE(Y15:AA15), 5) -> 13 | AC15: ='SABANA 1 SUMATORIA'!AC15 -> 19 | AD15: ='SABANA 1 SUMATORIA'!AD15 -> 19 | AE15: ='SABANA 1 SUMATORIA'!AE15 -> 0 | AF15: =ROUND(AVERAGE(AC15:AE15), 5) -> 12.66667 | AG15: ='SABANA 1 SUMATORIA'!AG15 -> 20 | AH15: ='SABANA 1 SUMATORIA'!AH15 -> 20 | AI15: ='SABANA 1 SUMATORIA'!AI15 -> 0 | AJ15: =ROUND(AVERAGE(AG15:AI15), 5) -> 13.33333 | AK15: ='SABANA 1 SUMATORIA'!AK15 -> 20 | AL15: ='SABANA 1 SUMATORIA'!AL15 -> 20 | AM15: ='SABANA 1 SUMATORIA'!AM15 -> 0 | AN15: =ROUND(AVERAGE(AK15:AM15), 5) -> 13.33333 | AO15: =AVERAGE(H15,L15,P15,T15,X15,AB15,AF15,AJ15,AN15) -> 13.11111
A16: =A15+1 -> 7 | B16: ='SABANA 1 SUMATORIA'!B16 -> 36361850 | C16: ='SABANA 1 SUMATORIA'!C16 -> CONTRERAS SILVA | D16: ='SABANA 1 SUMATORIA'!D16 -> NEGLISMAR ANDREINA | E16: ='SABANA 1 SUMATORIA'!E16 -> 18 | F16: ='SABANA 1 SUMATORIA'!F16 -> 18 | G16: ='SABANA 1 SUMATORIA'!G16 -> 0 | H16: =ROUND(AVERAGE(E16:G16), 5) -> 12 | I16: ='SABANA 1 SUMATORIA'!I16 -> 14 | J16: ='SABANA 1 SUMATORIA'!J16 -> 15 | K16: ='SABANA 1 SUMATORIA'!K16 -> 0 | L16: =ROUND(AVERAGE(I16:K16), 5) -> 9.66667 | M16: ='SABANA 1 SUMATORIA'!M16 -> 17 | N16: ='SABANA 1 SUMATORIA'!N16 -> 17 | O16: ='SABANA 1 SUMATORIA'!O16 -> 0 | P16: =ROUND(AVERAGE(M16:O16), 5) -> 11.33333 | Q16: ='SABANA 1 SUMATORIA'!Q16 -> 18 | R16: ='SABANA 1 SUMATORIA'!R16 -> 20 | S16: ='SABANA 1 SUMATORIA'!S16 -> 0 | T16: =ROUND(AVERAGE(Q16:S16), 5) -> 12.66667 | U16: ='SABANA 1 SUMATORIA'!U16 -> 19 | V16: ='SABANA 1 SUMATORIA'!V16 -> 18 | W16: ='SABANA 1 SUMATORIA'!W16 -> 0 | X16: =ROUND(AVERAGE(U16:W16), 5) -> 12.33333 | Y16: ='SABANA 1 SUMATORIA'!Y16 -> 19 | Z16: ='SABANA 1 SUMATORIA'!Z16 -> 17 | AA16: ='SABANA 1 SUMATORIA'!AA16 -> 0 | AB16: =ROUND(AVERAGE(Y16:AA16), 5) -> 12 | AC16: ='SABANA 1 SUMATORIA'!AC16 -> 15 | AD16: ='SABANA 1 SUMATORIA'!AD16 -> 15 | AE16: ='SABANA 1 SUMATORIA'!AE16 -> 0 | AF16: =ROUND(AVERAGE(AC16:AE16), 5) -> 10 | AG16: ='SABANA 1 SUMATORIA'!AG16 -> 17 | AH16: ='SABANA 1 SUMATORIA'!AH16 -> 17 | AI16: ='SABANA 1 SUMATORIA'!AI16 -> 0 | AJ16: =ROUND(AVERAGE(AG16:AI16), 5) -> 11.33333 | AK16: ='SABANA 1 SUMATORIA'!AK16 -> 15 | AL16: ='SABANA 1 SUMATORIA'!AL16 -> 19 | AM16: ='SABANA 1 SUMATORIA'!AM16 -> 0 | AN16: =ROUND(AVERAGE(AK16:AM16), 5) -> 11.33333 | AO16: =AVERAGE(H16,L16,P16,T16,X16,AB16,AF16,AJ16,AN16) -> 11.407407
A17: =A16+1 -> 8 | B17: ='SABANA 1 SUMATORIA'!B17 -> 36441933 | C17: ='SABANA 1 SUMATORIA'!C17 -> CASTRO GRANADO | D17: ='SABANA 1 SUMATORIA'!D17 -> AURORA ESTEFANIA | E17: ='SABANA 1 SUMATORIA'!E17 -> 19 | F17: ='SABANA 1 SUMATORIA'!F17 -> 19 | G17: ='SABANA 1 SUMATORIA'!G17 -> 0 | H17: =ROUND(AVERAGE(E17:G17), 5) -> 12.66667 | I17: ='SABANA 1 SUMATORIA'!I17 -> 15 | J17: ='SABANA 1 SUMATORIA'!J17 -> 18 | K17: ='SABANA 1 SUMATORIA'!K17 -> 0 | L17: =ROUND(AVERAGE(I17:K17), 5) -> 11 | M17: ='SABANA 1 SUMATORIA'!M17 -> 19 | N17: ='SABANA 1 SUMATORIA'!N17 -> 19 | O17: ='SABANA 1 SUMATORIA'!O17 -> 0 | P17: =ROUND(AVERAGE(M17:O17), 5) -> 12.66667 | Q17: ='SABANA 1 SUMATORIA'!Q17 -> 19 | R17: ='SABANA 1 SUMATORIA'!R17 -> 19 | S17: ='SABANA 1 SUMATORIA'!S17 -> 0 | T17: =ROUND(AVERAGE(Q17:S17), 5) -> 12.66667 | U17: ='SABANA 1 SUMATORIA'!U17 -> 19 | V17: ='SABANA 1 SUMATORIA'!V17 -> 19 | W17: ='SABANA 1 SUMATORIA'!W17 -> 0 | X17: =ROUND(AVERAGE(U17:W17), 5) -> 12.66667 | Y17: ='SABANA 1 SUMATORIA'!Y17 -> 19 | Z17: ='SABANA 1 SUMATORIA'!Z17 -> 18 | AA17: ='SABANA 1 SUMATORIA'!AA17 -> 0 | AB17: =ROUND(AVERAGE(Y17:AA17), 5) -> 12.33333 | AC17: ='SABANA 1 SUMATORIA'!AC17 -> 19 | AD17: ='SABANA 1 SUMATORIA'!AD17 -> 19 | AE17: ='SABANA 1 SUMATORIA'!AE17 -> 0 | AF17: =ROUND(AVERAGE(AC17:AE17), 5) -> 12.66667 | AG17: ='SABANA 1 SUMATORIA'!AG17 -> 18 | AH17: ='SABANA 1 SUMATORIA'!AH17 -> 19 | AI17: ='SABANA 1 SUMATORIA'!AI17 -> 0 | AJ17: =ROUND(AVERAGE(AG17:AI17), 5) -> 12.33333 | AK17: ='SABANA 1 SUMATORIA'!AK17 -> 17 | AL17: ='SABANA 1 SUMATORIA'!AL17 -> 19 | AM17: ='SABANA 1 SUMATORIA'!AM17 -> 0 | AN17: =ROUND(AVERAGE(AK17:AM17), 5) -> 12 | AO17: =AVERAGE(H17,L17,P17,T17,X17,AB17,AF17,AJ17,AN17) -> 12.333334
A18: =A17+1 -> 9 | B18: ='SABANA 1 SUMATORIA'!B18 -> 36539352 | C18: ='SABANA 1 SUMATORIA'!C18 -> TREJO YLARRAZA | D18: ='SABANA 1 SUMATORIA'!D18 -> MILAGROS CARIDAD | E18: ='SABANA 1 SUMATORIA'!E18 -> 18 | F18: ='SABANA 1 SUMATORIA'!F18 -> 20 | G18: ='SABANA 1 SUMATORIA'!G18 -> 0 | H18: =ROUND(AVERAGE(E18:G18), 5) -> 12.66667 | I18: ='SABANA 1 SUMATORIA'!I18 -> 16 | J18: ='SABANA 1 SUMATORIA'!J18 -> 19 | K18: ='SABANA 1 SUMATORIA'!K18 -> 0 | L18: =ROUND(AVERAGE(I18:K18), 5) -> 11.66667 | M18: ='SABANA 1 SUMATORIA'!M18 -> 19 | N18: ='SABANA 1 SUMATORIA'!N18 -> 20 | O18: ='SABANA 1 SUMATORIA'!O18 -> 0 | P18: =ROUND(AVERAGE(M18:O18), 5) -> 13 | Q18: ='SABANA 1 SUMATORIA'!Q18 -> 20 | R18: ='SABANA 1 SUMATORIA'!R18 -> 20 | S18: ='SABANA 1 SUMATORIA'!S18 -> 0 | T18: =ROUND(AVERAGE(Q18:S18), 5) -> 13.33333 | U18: ='SABANA 1 SUMATORIA'!U18 -> 19 | V18: ='SABANA 1 SUMATORIA'!V18 -> 18 | W18: ='SABANA 1 SUMATORIA'!W18 -> 0 | X18: =ROUND(AVERAGE(U18:W18), 5) -> 12.33333 | Y18: ='SABANA 1 SUMATORIA'!Y18 -> 19 | Z18: ='SABANA 1 SUMATORIA'!Z18 -> 19 | AA18: ='SABANA 1 SUMATORIA'!AA18 -> 0 | AB18: =ROUND(AVERAGE(Y18:AA18), 5) -> 12.66667 | AC18: ='SABANA 1 SUMATORIA'!AC18 -> 18 | AD18: ='SABANA 1 SUMATORIA'!AD18 -> 18 | AE18: ='SABANA 1 SUMATORIA'!AE18 -> 0 | AF18: =ROUND(AVERAGE(AC18:AE18), 5) -> 12 | AG18: ='SABANA 1 SUMATORIA'!AG18 -> 18 | AH18: ='SABANA 1 SUMATORIA'!AH18 -> 19 | AI18: ='SABANA 1 SUMATORIA'!AI18 -> 0 | AJ18: =ROUND(AVERAGE(AG18:AI18), 5) -> 12.33333 | AK18: ='SABANA 1 SUMATORIA'!AK18 -> 18 | AL18: ='SABANA 1 SUMATORIA'!AL18 -> 19 | AM18: ='SABANA 1 SUMATORIA'!AM18 -> 0 | AN18: =ROUND(AVERAGE(AK18:AM18), 5) -> 12.33333 | AO18: =AVERAGE(H18,L18,P18,T18,X18,AB18,AF18,AJ18,AN18) -> 12.481481
A19: =A18+1 -> 10 | B19: ='SABANA 1 SUMATORIA'!B19 -> 36562841 | C19: ='SABANA 1 SUMATORIA'!C19 -> SILVA CHIREL | D19: ='SABANA 1 SUMATORIA'!D19 -> SIRMARY MILAGRO | E19: ='SABANA 1 SUMATORIA'!E19 -> 18 | F19: ='SABANA 1 SUMATORIA'!F19 -> 18 | G19: ='SABANA 1 SUMATORIA'!G19 -> 0 | H19: =ROUND(AVERAGE(E19:G19), 5) -> 12 | I19: ='SABANA 1 SUMATORIA'!I19 -> 14 | J19: ='SABANA 1 SUMATORIA'!J19 -> 18 | K19: ='SABANA 1 SUMATORIA'!K19 -> 0 | L19: =ROUND(AVERAGE(I19:K19), 5) -> 10.66667 | M19: ='SABANA 1 SUMATORIA'!M19 -> 18 | N19: ='SABANA 1 SUMATORIA'!N19 -> 19 | O19: ='SABANA 1 SUMATORIA'!O19 -> 0 | P19: =ROUND(AVERAGE(M19:O19), 5) -> 12.33333 | Q19: ='SABANA 1 SUMATORIA'!Q19 -> 20 | R19: ='SABANA 1 SUMATORIA'!R19 -> 18 | S19: ='SABANA 1 SUMATORIA'!S19 -> 0 | T19: =ROUND(AVERAGE(Q19:S19), 5) -> 12.66667 | U19: ='SABANA 1 SUMATORIA'!U19 -> 19 | V19: ='SABANA 1 SUMATORIA'!V19 -> 19 | W19: ='SABANA 1 SUMATORIA'!W19 -> 0 | X19: =ROUND(AVERAGE(U19:W19), 5) -> 12.66667 | Y19: ='SABANA 1 SUMATORIA'!Y19 -> 17 | Z19: ='SABANA 1 SUMATORIA'!Z19 -> 18 | AA19: ='SABANA 1 SUMATORIA'!AA19 -> 0 | AB19: =ROUND(AVERAGE(Y19:AA19), 5) -> 11.66667 | AC19: ='SABANA 1 SUMATORIA'!AC19 -> 18 | AD19: ='SABANA 1 SUMATORIA'!AD19 -> 18 | AE19: ='SABANA 1 SUMATORIA'!AE19 -> 0 | AF19: =ROUND(AVERAGE(AC19:AE19), 5) -> 12 | AG19: ='SABANA 1 SUMATORIA'!AG19 -> 18 | AH19: ='SABANA 1 SUMATORIA'!AH19 -> 18 | AI19: ='SABANA 1 SUMATORIA'!AI19 -> 0 | AJ19: =ROUND(AVERAGE(AG19:AI19), 5) -> 12 | AK19: ='SABANA 1 SUMATORIA'!AK19 -> 16 | AL19: ='SABANA 1 SUMATORIA'!AL19 -> 19 | AM19: ='SABANA 1 SUMATORIA'!AM19 -> 0 | AN19: =ROUND(AVERAGE(AK19:AM19), 5) -> 11.66667 | AO19: =AVERAGE(H19,L19,P19,T19,X19,AB19,AF19,AJ19,AN19) -> 11.962964
A20: =A19+1 -> 11 | B20: ='SABANA 1 SUMATORIA'!B20 -> 37076032 | C20: ='SABANA 1 SUMATORIA'!C20 -> GARCIA GONZALEZ | D20: ='SABANA 1 SUMATORIA'!D20 -> MARIA GABRIELA | E20: ='SABANA 1 SUMATORIA'!E20 -> 18 | F20: ='SABANA 1 SUMATORIA'!F20 -> 18 | G20: ='SABANA 1 SUMATORIA'!G20 -> 0 | H20: =ROUND(AVERAGE(E20:G20), 5) -> 12 | I20: ='SABANA 1 SUMATORIA'!I20 -> 15 | J20: ='SABANA 1 SUMATORIA'!J20 -> 18 | K20: ='SABANA 1 SUMATORIA'!K20 -> 0 | L20: =ROUND(AVERAGE(I20:K20), 5) -> 11 | M20: ='SABANA 1 SUMATORIA'!M20 -> 18 | N20: ='SABANA 1 SUMATORIA'!N20 -> 17 | O20: ='SABANA 1 SUMATORIA'!O20 -> 0 | P20: =ROUND(AVERAGE(M20:O20), 5) -> 11.66667 | Q20: ='SABANA 1 SUMATORIA'!Q20 -> 20 | R20: ='SABANA 1 SUMATORIA'!R20 -> 18 | S20: ='SABANA 1 SUMATORIA'!S20 -> 0 | T20: =ROUND(AVERAGE(Q20:S20), 5) -> 12.66667 | U20: ='SABANA 1 SUMATORIA'!U20 -> 19 | V20: ='SABANA 1 SUMATORIA'!V20 -> 19 | W20: ='SABANA 1 SUMATORIA'!W20 -> 0 | X20: =ROUND(AVERAGE(U20:W20), 5) -> 12.66667 | Y20: ='SABANA 1 SUMATORIA'!Y20 -> 18 | Z20: ='SABANA 1 SUMATORIA'!Z20 -> 18 | AA20: ='SABANA 1 SUMATORIA'!AA20 -> 0 | AB20: =ROUND(AVERAGE(Y20:AA20), 5) -> 12 | AC20: ='SABANA 1 SUMATORIA'!AC20 -> 19 | AD20: ='SABANA 1 SUMATORIA'!AD20 -> 17 | AE20: ='SABANA 1 SUMATORIA'!AE20 -> 0 | AF20: =ROUND(AVERAGE(AC20:AE20), 5) -> 12 | AG20: ='SABANA 1 SUMATORIA'!AG20 -> 18 | AH20: ='SABANA 1 SUMATORIA'!AH20 -> 18 | AI20: ='SABANA 1 SUMATORIA'!AI20 -> 0 | AJ20: =ROUND(AVERAGE(AG20:AI20), 5) -> 12 | AK20: ='SABANA 1 SUMATORIA'!AK20 -> 16 | AL20: ='SABANA 1 SUMATORIA'!AL20 -> 19 | AM20: ='SABANA 1 SUMATORIA'!AM20 -> 0 | AN20: =ROUND(AVERAGE(AK20:AM20), 5) -> 11.66667 | AO20: =AVERAGE(H20,L20,P20,T20,X20,AB20,AF20,AJ20,AN20) -> 11.962964
A21: =A20+1 -> 12 | B21: ='SABANA 1 SUMATORIA'!B21 -> 37121585 | C21: ='SABANA 1 SUMATORIA'!C21 -> NARVAEZ MORALES | D21: ='SABANA 1 SUMATORIA'!D21 -> JHOANA CAROLINA | E21: ='SABANA 1 SUMATORIA'!E21 -> 18 | F21: ='SABANA 1 SUMATORIA'!F21 -> 14 | G21: ='SABANA 1 SUMATORIA'!G21 -> 0 | H21: =ROUND(AVERAGE(E21:G21), 5) -> 10.66667 | I21: ='SABANA 1 SUMATORIA'!I21 -> 14 | J21: ='SABANA 1 SUMATORIA'!J21 -> 18 | K21: ='SABANA 1 SUMATORIA'!K21 -> 0 | L21: =ROUND(AVERAGE(I21:K21), 5) -> 10.66667 | M21: ='SABANA 1 SUMATORIA'!M21 -> 17 | N21: ='SABANA 1 SUMATORIA'!N21 -> 15 | O21: ='SABANA 1 SUMATORIA'!O21 -> 0 | P21: =ROUND(AVERAGE(M21:O21), 5) -> 10.66667 | Q21: ='SABANA 1 SUMATORIA'!Q21 -> 19 | R21: ='SABANA 1 SUMATORIA'!R21 -> 20 | S21: ='SABANA 1 SUMATORIA'!S21 -> 0 | T21: =ROUND(AVERAGE(Q21:S21), 5) -> 13 | U21: ='SABANA 1 SUMATORIA'!U21 -> 19 | V21: ='SABANA 1 SUMATORIA'!V21 -> 15 | W21: ='SABANA 1 SUMATORIA'!W21 -> 0 | X21: =ROUND(AVERAGE(U21:W21), 5) -> 11.33333 | Y21: ='SABANA 1 SUMATORIA'!Y21 -> 18 | Z21: ='SABANA 1 SUMATORIA'!Z21 -> 15 | AA21: ='SABANA 1 SUMATORIA'!AA21 -> 0 | AB21: =ROUND(AVERAGE(Y21:AA21), 5) -> 11 | AC21: ='SABANA 1 SUMATORIA'!AC21 -> 19 | AD21: ='SABANA 1 SUMATORIA'!AD21 -> 16 | AE21: ='SABANA 1 SUMATORIA'!AE21 -> 0 | AF21: =ROUND(AVERAGE(AC21:AE21), 5) -> 11.66667 | AG21: ='SABANA 1 SUMATORIA'!AG21 -> 18 | AH21: ='SABANA 1 SUMATORIA'!AH21 -> 14 | AI21: ='SABANA 1 SUMATORIA'!AI21 -> 0 | AJ21: =ROUND(AVERAGE(AG21:AI21), 5) -> 10.66667 | AK21: ='SABANA 1 SUMATORIA'!AK21 -> 15 | AL21: ='SABANA 1 SUMATORIA'!AL21 -> 10 | AM21: ='SABANA 1 SUMATORIA'!AM21 -> 0 | AN21: =ROUND(AVERAGE(AK21:AM21), 5) -> 8.33333 | AO21: =AVERAGE(H21,L21,P21,T21,X21,AB21,AF21,AJ21,AN21) -> 10.88889
A22: =A21+1 -> 13 | B22: ='SABANA 1 SUMATORIA'!B22 -> 37154543 | C22: ='SABANA 1 SUMATORIA'!C22 -> MACHUCA NACACHE | D22: ='SABANA 1 SUMATORIA'!D22 -> JHAYDERLIZ SAHELIZ | E22: ='SABANA 1 SUMATORIA'!E22 -> 14 | F22: ='SABANA 1 SUMATORIA'!F22 -> 19 | G22: ='SABANA 1 SUMATORIA'!G22 -> 0 | H22: =ROUND(AVERAGE(E22:G22), 5) -> 11 | I22: ='SABANA 1 SUMATORIA'!I22 -> 14 | J22: ='SABANA 1 SUMATORIA'!J22 -> 17 | K22: ='SABANA 1 SUMATORIA'!K22 -> 0 | L22: =ROUND(AVERAGE(I22:K22), 5) -> 10.33333 | M22: ='SABANA 1 SUMATORIA'!M22 -> 17 | N22: ='SABANA 1 SUMATORIA'!N22 -> 15 | O22: ='SABANA 1 SUMATORIA'!O22 -> 0 | P22: =ROUND(AVERAGE(M22:O22), 5) -> 10.66667 | Q22: ='SABANA 1 SUMATORIA'!Q22 -> 20 | R22: ='SABANA 1 SUMATORIA'!R22 -> 20 | S22: ='SABANA 1 SUMATORIA'!S22 -> 0 | T22: =ROUND(AVERAGE(Q22:S22), 5) -> 13.33333 | U22: ='SABANA 1 SUMATORIA'!U22 -> 18 | V22: ='SABANA 1 SUMATORIA'!V22 -> 18 | W22: ='SABANA 1 SUMATORIA'!W22 -> 0 | X22: =ROUND(AVERAGE(U22:W22), 5) -> 12 | Y22: ='SABANA 1 SUMATORIA'!Y22 -> 19 | Z22: ='SABANA 1 SUMATORIA'!Z22 -> 17 | AA22: ='SABANA 1 SUMATORIA'!AA22 -> 0 | AB22: =ROUND(AVERAGE(Y22:AA22), 5) -> 12 | AC22: ='SABANA 1 SUMATORIA'!AC22 -> 18 | AD22: ='SABANA 1 SUMATORIA'!AD22 -> 14 | AE22: ='SABANA 1 SUMATORIA'!AE22 -> 0 | AF22: =ROUND(AVERAGE(AC22:AE22), 5) -> 10.66667 | AG22: ='SABANA 1 SUMATORIA'!AG22 -> 15 | AH22: ='SABANA 1 SUMATORIA'!AH22 -> 19 | AI22: ='SABANA 1 SUMATORIA'!AI22 -> 0 | AJ22: =ROUND(AVERAGE(AG22:AI22), 5) -> 11.33333 | AK22: ='SABANA 1 SUMATORIA'!AK22 -> 16 | AL22: ='SABANA 1 SUMATORIA'!AL22 -> 19 | AM22: ='SABANA 1 SUMATORIA'!AM22 -> 0 | AN22: =ROUND(AVERAGE(AK22:AM22), 5) -> 11.66667 | AO22: =AVERAGE(H22,L22,P22,T22,X22,AB22,AF22,AJ22,AN22) -> 11.444444
... A28: =A27+1 -> 19 | B28: ='SABANA 1 SUMATORIA'!B28 -> CE 11417000945 | C28: ='SABANA 1 SUMATORIA'!C28 -> PEREIRA CASTRO | D28: ='SABANA 1 SUMATORIA'!D28 -> SABRINA AURIBEL | E28: ='SABANA 1 SUMATORIA'!E28 -> 12 | F28: ='SABANA 1 SUMATORIA'!F28 -> 17 | G28: ='SABANA 1 SUMATORIA'!G28 -> 0 | H28: =ROUND(AVERAGE(E28:G28), 5) -> 9.66667 | I28: ='SABANA 1 SUMATORIA'!I28 -> 7 | J28: ='SABANA 1 SUMATORIA'!J28 -> 15 | K28: ='SABANA 1 SUMATORIA'!K28 -> 0 | L28: =ROUND(AVERAGE(I28:K28), 5) -> 7.33333 | M28: ='SABANA 1 SUMATORIA'!M28 -> 15 | N28: ='SABANA 1 SUMATORIA'!N28 -> 15 | O28: ='SABANA 1 SUMATORIA'!O28 -> 0 | P28: =ROUND(AVERAGE(M28:O28), 5) -> 10 | Q28: ='SABANA 1 SUMATORIA'!Q28 -> 18 | R28: ='SABANA 1 SUMATORIA'!R28 -> 18 | S28: ='SABANA 1 SUMATORIA'!S28 -> 0 | T28: =ROUND(AVERAGE(Q28:S28), 5) -> 12 | U28: ='SABANA 1 SUMATORIA'!U28 -> 14 | V28: ='SABANA 1 SUMATORIA'!V28 -> 15 | W28: ='SABANA 1 SUMATORIA'!W28 -> 0 | X28: =ROUND(AVERAGE(U28:W28), 5) -> 9.66667 | Y28: ='SABANA 1 SUMATORIA'!Y28 -> 18 | Z28: ='SABANA 1 SUMATORIA'!Z28 -> 15 | AA28: ='SABANA 1 SUMATORIA'!AA28 -> 0 | AB28: =ROUND(AVERAGE(Y28:AA28), 5) -> 11 | AC28: ='SABANA 1 SUMATORIA'!AC28 -> 14 | AD28: ='SABANA 1 SUMATORIA'!AD28 -> 12 | AE28: ='SABANA 1 SUMATORIA'!AE28 -> 0 | AF28: =ROUND(AVERAGE(AC28:AE28), 5) -> 8.66667 | AG28: ='SABANA 1 SUMATORIA'!AG28 -> 12 | AH28: ='SABANA 1 SUMATORIA'!AH28 -> 13 | AI28: ='SABANA 1 SUMATORIA'!AI28 -> 0 | AJ28: =ROUND(AVERAGE(AG28:AI28), 5) -> 8.33333 | AK28: ='SABANA 1 SUMATORIA'!AK28 -> 12 | AL28: ='SABANA 1 SUMATORIA'!AL28 -> 18 | AM28: ='SABANA 1 SUMATORIA'!AM28 -> 0 | AN28: =ROUND(AVERAGE(AK28:AM28), 5) -> 10 | AO28: =AVERAGE(H28,L28,P28,T28,X28,AB28,AF28,AJ28,AN28) -> 9.62963
A29: =A28+1 -> 20 | B29: V 37.239.725 | C29: ='SABANA 1 SUMATORIA'!C29 -> CORREA REQUENA | D29: ='SABANA 1 SUMATORIA'!D29 -> MARIA DE JESUS | E29: ='SABANA 1 SUMATORIA'!E29 -> 12 | F29: ='SABANA 1 SUMATORIA'!F29 -> 19 | G29: ='SABANA 1 SUMATORIA'!G29 -> 0 | H29: =ROUND(AVERAGE(E29:G29), 5) -> 10.33333 | I29: ='SABANA 1 SUMATORIA'!I29 -> 13 | J29: ='SABANA 1 SUMATORIA'!J29 -> 20 | K29: ='SABANA 1 SUMATORIA'!K29 -> 0 | L29: =ROUND(AVERAGE(I29:K29), 5) -> 11 | M29: ='SABANA 1 SUMATORIA'!M29 -> 17 | N29: ='SABANA 1 SUMATORIA'!N29 -> 18 | O29: ='SABANA 1 SUMATORIA'!O29 -> 0 | P29: =ROUND(AVERAGE(M29:O29), 5) -> 11.66667 | Q29: ='SABANA 1 SUMATORIA'!Q29 -> 17 | R29: ='SABANA 1 SUMATORIA'!R29 -> 20 | S29: ='SABANA 1 SUMATORIA'!S29 -> 0 | T29: =ROUND(AVERAGE(Q29:S29), 5) -> 12.33333 | U29: ='SABANA 1 SUMATORIA'!U29 -> 18 | V29: ='SABANA 1 SUMATORIA'!V29 -> 20 | W29: ='SABANA 1 SUMATORIA'!W29 -> 0 | X29: =ROUND(AVERAGE(U29:W29), 5) -> 12.66667 | Y29: ='SABANA 1 SUMATORIA'!Y29 -> 18 | Z29: ='SABANA 1 SUMATORIA'!Z29 -> 19 | AA29: ='SABANA 1 SUMATORIA'!AA29 -> 0 | AB29: =ROUND(AVERAGE(Y29:AA29), 5) -> 12.33333 | AC29: ='SABANA 1 SUMATORIA'!AC29 -> 18 | AD29: ='SABANA 1 SUMATORIA'!AD29 -> 18 | AE29: ='SABANA 1 SUMATORIA'!AE29 -> 0 | AF29: =ROUND(AVERAGE(AC29:AE29), 5) -> 12 | AG29: ='SABANA 1 SUMATORIA'!AG29 -> 18 | AH29: ='SABANA 1 SUMATORIA'!AH29 -> 18 | AI29: ='SABANA 1 SUMATORIA'!AI29 -> 0 | AJ29: =ROUND(AVERAGE(AG29:AI29), 5) -> 12 | AK29: ='SABANA 1 SUMATORIA'!AK29 -> 18 | AL29: ='SABANA 1 SUMATORIA'!AL29 -> 19 | AM29: ='SABANA 1 SUMATORIA'!AM29 -> 0 | AN29: =ROUND(AVERAGE(AK29:AM29), 5) -> 12.33333 | AO29: =AVERAGE(H29,L29,P29,T29,X29,AB29,AF29,AJ29,AN29) -> 11.851851
A30: =A29+1 -> 21 | B30: ='SABANA 1 SUMATORIA'!B30 -> CE 11327044492 | C30: ='SABANA 1 SUMATORIA'!C30 -> MALDONADO URRETA | D30: ='SABANA 1 SUMATORIA'!D30 -> MIGUEL | E30: ='SABANA 1 SUMATORIA'!E30 -> 16 | F30: ='SABANA 1 SUMATORIA'!F30 -> 14 | G30: ='SABANA 1 SUMATORIA'!G30 -> 0 | H30: =ROUND(AVERAGE(E30:G30), 5) -> 10 | I30: ='SABANA 1 SUMATORIA'!I30 -> 16 | J30: ='SABANA 1 SUMATORIA'!J30 -> 13 | K30: ='SABANA 1 SUMATORIA'!K30 -> 0 | L30: =ROUND(AVERAGE(I30:K30), 5) -> 9.66667 | M30: ='SABANA 1 SUMATORIA'!M30 -> 16 | N30: ='SABANA 1 SUMATORIA'!N30 -> 15 | O30: ='SABANA 1 SUMATORIA'!O30 -> 0 | P30: =ROUND(AVERAGE(M30:O30), 5) -> 10.33333 | Q30: ='SABANA 1 SUMATORIA'!Q30 -> 16 | R30: ='SABANA 1 SUMATORIA'!R30 -> 17 | S30: ='SABANA 1 SUMATORIA'!S30 -> 0 | T30: =ROUND(AVERAGE(Q30:S30), 5) -> 11 | U30: ='SABANA 1 SUMATORIA'!U30 -> 16 | V30: ='SABANA 1 SUMATORIA'!V30 -> 18 | W30: ='SABANA 1 SUMATORIA'!W30 -> 0 | X30: =ROUND(AVERAGE(U30:W30), 5) -> 11.33333 | Y30: ='SABANA 1 SUMATORIA'!Y30 -> 16 | Z30: ='SABANA 1 SUMATORIA'!Z30 -> 15 | AA30: ='SABANA 1 SUMATORIA'!AA30 -> 0 | AB30: =ROUND(AVERAGE(Y30:AA30), 5) -> 10.33333 | AC30: ='SABANA 1 SUMATORIA'!AC30 -> 16 | AD30: ='SABANA 1 SUMATORIA'!AD30 -> 13 | AE30: ='SABANA 1 SUMATORIA'!AE30 -> 0 | AF30: =ROUND(AVERAGE(AC30:AE30), 5) -> 9.66667 | AG30: ='SABANA 1 SUMATORIA'!AG30 -> 16 | AH30: ='SABANA 1 SUMATORIA'!AH30 -> 18 | AI30: ='SABANA 1 SUMATORIA'!AI30 -> 0 | AJ30: =ROUND(AVERAGE(AG30:AI30), 5) -> 11.33333 | AK30: ='SABANA 1 SUMATORIA'!AK30 -> 16 | AL30: ='SABANA 1 SUMATORIA'!AL30 -> 19 | AM30: ='SABANA 1 SUMATORIA'!AM30 -> 0 | AN30: =ROUND(AVERAGE(AK30:AM30), 5) -> 11.66667 | AO30: =AVERAGE(H30,L30,P30,T30,X30,AB30,AF30,AJ30,AN30) -> 10.592592
A31: =A30+1 -> 22 | E31: ='SABANA 1 SUMATORIA'!E31 -> 0 | F31: ='SABANA 1 SUMATORIA'!F31 -> 0 | G31: ='SABANA 1 SUMATORIA'!G31 -> 0 | H31: =ROUND(AVERAGE(E31:G31), 5) -> 0 | I31: ='SABANA 1 SUMATORIA'!I31 -> 0 | J31: ='SABANA 1 SUMATORIA'!J31 -> 0 | K31: ='SABANA 1 SUMATORIA'!K31 -> 0 | L31: =ROUND(AVERAGE(I31:K31), 5) -> 0 | M31: ='SABANA 1 SUMATORIA'!M31 -> 0 | N31: ='SABANA 1 SUMATORIA'!N31 -> 0 | O31: ='SABANA 1 SUMATORIA'!O31 -> 0 | P31: =ROUND(AVERAGE(M31:O31), 5) -> 0 | Q31: ='SABANA 1 SUMATORIA'!Q31 -> 0 | R31: ='SABANA 1 SUMATORIA'!R31 -> 0 | S31: ='SABANA 1 SUMATORIA'!S31 -> 0 | T31: =ROUND(AVERAGE(Q31:S31), 5) -> 0 | U31: ='SABANA 1 SUMATORIA'!U31 -> 0 | V31: ='SABANA 1 SUMATORIA'!V31 -> 0 | W31: ='SABANA 1 SUMATORIA'!W31 -> 0 | X31: =ROUND(AVERAGE(U31:W31), 5) -> 0 | Y31: ='SABANA 1 SUMATORIA'!Y31 -> 0 | Z31: ='SABANA 1 SUMATORIA'!Z31 -> 0 | AA31: ='SABANA 1 SUMATORIA'!AA31 -> 0 | AB31: =ROUND(AVERAGE(Y31:AA31), 5) -> 0 | AC31: ='SABANA 1 SUMATORIA'!AC31 -> 0 | AD31: ='SABANA 1 SUMATORIA'!AD31 -> 0 | AE31: ='SABANA 1 SUMATORIA'!AE31 -> 0 | AF31: =ROUND(AVERAGE(AC31:AE31), 5) -> 0 | AG31: ='SABANA 1 SUMATORIA'!AG31 -> 0 | AH31: ='SABANA 1 SUMATORIA'!AH31 -> 0 | AI31: ='SABANA 1 SUMATORIA'!AI31 -> 0 | AJ31: =ROUND(AVERAGE(AG31:AI31), 5) -> 0 | AK31: ='SABANA 1 SUMATORIA'!AK31 -> 0 | AL31: ='SABANA 1 SUMATORIA'!AL31 -> 0 | AM31: ='SABANA 1 SUMATORIA'!AM31 -> 0 | AN31: =ROUND(AVERAGE(AK31:AM31), 5) -> 0 | AO31: =AVERAGE(H31,L31,P31,T31,X31,AB31,AF31,AJ31,AN31) -> 0
A32: =A31+1 -> 23 | E32: ='SABANA 1 SUMATORIA'!E32 -> 0 | F32: ='SABANA 1 SUMATORIA'!F32 -> 0 | G32: ='SABANA 1 SUMATORIA'!G32 -> 0 | H32: =ROUND(AVERAGE(E32:G32), 5) -> 0 | I32: ='SABANA 1 SUMATORIA'!I32 -> 0 | J32: ='SABANA 1 SUMATORIA'!J32 -> 0 | K32: ='SABANA 1 SUMATORIA'!K32 -> 0 | L32: =ROUND(AVERAGE(I32:K32), 5) -> 0 | M32: ='SABANA 1 SUMATORIA'!M32 -> 0 | N32: ='SABANA 1 SUMATORIA'!N32 -> 0 | O32: ='SABANA 1 SUMATORIA'!O32 -> 0 | P32: =ROUND(AVERAGE(M32:O32), 5) -> 0 | Q32: ='SABANA 1 SUMATORIA'!Q32 -> 0 | R32: ='SABANA 1 SUMATORIA'!R32 -> 0 | S32: ='SABANA 1 SUMATORIA'!S32 -> 0 | T32: =ROUND(AVERAGE(Q32:S32), 5) -> 0 | U32: ='SABANA 1 SUMATORIA'!U32 -> 0 | V32: ='SABANA 1 SUMATORIA'!V32 -> 0 | W32: ='SABANA 1 SUMATORIA'!W32 -> 0 | X32: =ROUND(AVERAGE(U32:W32), 5) -> 0 | Y32: ='SABANA 1 SUMATORIA'!Y32 -> 0 | Z32: ='SABANA 1 SUMATORIA'!Z32 -> 0 | AA32: ='SABANA 1 SUMATORIA'!AA32 -> 0 | AB32: =ROUND(AVERAGE(Y32:AA32), 5) -> 0 | AC32: ='SABANA 1 SUMATORIA'!AC32 -> 0 | AD32: ='SABANA 1 SUMATORIA'!AD32 -> 0 | AE32: ='SABANA 1 SUMATORIA'!AE32 -> 0 | AF32: =ROUND(AVERAGE(AC32:AE32), 5) -> 0 | AG32: ='SABANA 1 SUMATORIA'!AG32 -> 0 | AH32: ='SABANA 1 SUMATORIA'!AH32 -> 0 | AI32: ='SABANA 1 SUMATORIA'!AI32 -> 0 | AJ32: =ROUND(AVERAGE(AG32:AI32), 5) -> 0 | AK32: ='SABANA 1 SUMATORIA'!AK32 -> 0 | AL32: ='SABANA 1 SUMATORIA'!AL32 -> 0 | AM32: ='SABANA 1 SUMATORIA'!AM32 -> 0 | AN32: =ROUND(AVERAGE(AK32:AM32), 5) -> 0 | AO32: =AVERAGE(H32,L32,P32,T32,X32,AB32,AF32,AJ32,AN32) -> 0
B33: Msc CARMEN CABEZA | G33: LCDA. FLORAIMA CARPIO | V33: =E6 -> MARIELSY CARMONA | AN33: FECHA Y HORA DE IMPRESIÓN:
A34: DEPARTAMENTO DE EVALUACIÓN | G34: DEPARTAMENTO DE CONTROL DE ESTUDIOS | W34: PROFESOR ASESOR | AI34: =NOW() -> 46188.398
